"m_name","gr_count"
"Queen Sono",3
"The Genius of Photography",1
"A Bit of a Do",2
"Encantadia",3
"Grazhdanskiy brak",1
"Baking with the Reys",1
"Ten",3
"Mesa de noticias",1
"The Andy Williams Show",2
"Osama Bin Laden: The Inside Story",3
"Miss Marple: Nemesis",3
"Keppeki danshi! Aoyama-kun",3
"Ian Hislop: Trains That Changed the World",2
"07 zglos sie",2
"The Hathaways",1
"House of Cards",1
"Ingen Retur",1
"Double Timing Wife",3
"Das letzte Wort",2
"Noggin the Nog",3
"Kaninlandet",1
"Gukyeongi",3
"La usurpadora",2
"Ernest et Célestine, la collection",3
"The URL with Phred Show",1
"Divided States",1
"McClain's Law",2
"How America Works",1
"My Little Pony: Equestria Girls Specials",3
"The Inca: Masters of the Clouds",1
"Inu x Boku SS",3
"Danger Mouse",3
"Kodiak",3
"Zdrady",1
"Kodenavn Hunter",3
"Nepsyt toimistossa",1
"86-60-86",1
"Kurt Olssons julkalender",1
"UP UP",2
"Destination One",3
"V tihom omute...",1
"The Collector",3
"Power Rangers Operation Overdrive",3
"Wild On...",2
"Jimmy Durante Presents the Lennon Sisters",2
"Crossfire",3
"Blood Sweat and Heels",2
"Absolutni debiutanci",2
"Second Time Around",1
"El Señor de la Querencia",2
"Comic Splash: The web-series",2
"1 Girl 5 Gays",1
"Mata Hari",2
"An Egg's Guide to Minecraft",3
"Haetbit ssodajida",2
"Bednyye Abramovichi",1
"Riddler",2
"Söndagsöppet",1
"Batman: The Animated Series",3
"Cronkite Remembers",2
"O Dia Depois da Eleição",1
"Schwarz greift ein",2
"Isekai Shoukan wa Nidome desu",3
"Brotherhood of the Rose",1
"Telerop 2009 - Es ist noch was zu retten",2
"Aunty Donna: Best Content Ever!!1!",1
"Club de Cuervos",3
"Shonen ninja Kaze no Fujimaru",2
"Not the Nine O'Clock News",1
"Cheverísimo",1
"Shroud for a Nightingale",3
"Breaking News",1
"Talk About",2
"Peter Pan and the Pirates",3
"Brandy: Special Delivery",3
"TIME: The Kalief Browder Story",2
"Making a Murderer",2
"Istorik",2
"Married: The First Year",1
"Los simuladores",3
"A Friend of the Family",3
"Pa heeft een lief",2
"What's with Andy?",3
"Get a Life",2
"Halo: Nightfall",3
"Sivi dom",1
"Star Wars Vehicle Flythroughs",1
"Hollywood Babylon",1
"Mister Brau",1
"Edha",3
"Lia",1
"Contrato de amor",2
"Natsume yûjinchô",3
"Aprender a volar",3
"New Zealand from Above",1
"Chosen",3
"The Johnny Cash Show",1
"Booh!",3
"What's That About?",1
